{
    "reports": [

        {
            "id": "1b2ef7b5-ecc3-46a8-accf-15a109193cde",
            "createDate": 1470991242,
            "message": "Do we need this text?",
            "hostReports": [
                {
                    "hostId": 283,
                    "hostName": "Dell-PE-1950",
                    "IPAddress": "192.168.0.76",
                    "averageCpuUsage": 3.113773198928513,
                    "energyConsumption": 5107.25162464931,
                    "operationalCost": 1532.175487394793,
                    "apparentWastageCost": 1484.4670177077417,
                    "carbonFootprint": 255.3625812324655
                },
                {
                    "hostId": 285,
                    "hostName": "Dell-PE-SC1425",
                    "IPAddress": "192.168.0.90",
                    "averageCpuUsage": 67.39626340102977,
                    "energyConsumption": 5507.785767317683,
                    "operationalCost": 1652.335730195305,
                    "apparentWastageCost": 538.7231892035487,
                    "carbonFootprint": 275.38928836588417
                }
            ],
            "rackReports": [
                {
                    "rackId": 293,
                    "rackName": "rack1",
                    "averagePower": 3.502611014014603,
                    "maxPower": 4.716092311864745,
                    "pdu": 5
                }
            ],
            "processReports": [
                {
                    "tags": "[T2]",
                    "hosts": [
                        285
                    ],
                    "names": [
                        "VBoxSVC",
                        "VBoxXPCOMIPCD"
                    ],
                    "averageCpu": 32.159158150604185,
                    "power": 194.0911691172127,
                    "cost": 38.818233823442526,
                    "averageCpuCount": 2876
                },
                {
                    "tags": "[T1]",
                    "hosts": [
                        283
                    ],
                    "names": [
                        "firefox"
                    ],
                    "averageCpu": 8.539894108639661,
                    "power": 23.861147029663837,
                    "cost": 4.772229405932776,
                    "averageCpuCount": 1439
                }
            ],
            "reportParameter": {
                "pue": 1.5,
                "energyCost": 0.2,
                "carbonCost": 0.05,
                "startTime": 1470787200,
                "endTime": 1470873600,
                "extrapolateYears": 3,
                "datacenterId": 266,
                "datacenterName": "commscope-test-dc"
            }
        },
        
        
        
        
        {
            "id": "3c940024-2e13-4dc6-aa2d-b17711f5fba5",
            "createDate": 1532438358,
            "message": "Do we need this text?",
            "hostReports": [
                {
                    "hostId": 283,
                    "hostName": "Dell-PE-1950",
                    "IPAddress": "192.168.0.76",
                    "averageCpuUsage": 10.989272265674712,
                    "energyConsumption": 5361.626812456714,
                    "operationalCost": 2412.7320656055213,
                    "apparentWastageCost": 2147.590369874893,
                    "carbonFootprint": 1608.488043737014
                },
                {
                    "hostId": 285,
                    "hostName": "Dell-PE-SC1425",
                    "IPAddress": "192.168.0.90",
                    "averageCpuUsage": 11.520131006611084,
                    "energyConsumption": 5131.571505451828,
                    "operationalCost": 2309.2071774533224,
                    "apparentWastageCost": 2043.1834853966334,
                    "carbonFootprint": 1539.4714516355482
                },
                {
                    "hostId": 289,
                    "hostName": "DellLattitude-D280",
                    "IPAddress": "192.168.0.5",
                    "averageCpuUsage": 0.7457143725932809,
                    "energyConsumption": 1211.8816514569096,
                    "operationalCost": 545.3467431556093,
                    "apparentWastageCost": 541.2800141114285,
                    "carbonFootprint": 363.5644954370729
                },
                {
                    "hostId": 290,
                    "hostName": "Dell-Lattitude-D820(Centos)",
                    "IPAddress": "192.168.0.83",
                    "averageCpuUsage": 1.5296034924297084,
                    "energyConsumption": 1209.2966747868682,
                    "operationalCost": 544.1835036540906,
                    "apparentWastageCost": 535.8596537769713,
                    "carbonFootprint": 362.78900243606046
                },
                {
                    "hostId": 286,
                    "hostName": "ubuntu-vm",
                    "IPAddress": "192.168.0.59",
                    "averageCpuUsage": 2.864821365044899,
                    "energyConsumption": 2529.6241629926326,
                    "operationalCost": 1138.3308733466847,
                    "apparentWastageCost": 1105.7197272821468,
                    "carbonFootprint": 758.8872488977897
                },
                {
                    "hostId": 287,
                    "hostName": "win-vm",
                    "IPAddress": "192.168.0.51",
                    "averageCpuUsage": 2.262821223975027,
                    "energyConsumption": 2527.740806513505,
                    "operationalCost": 1137.4833629310772,
                    "apparentWastageCost": 1111.7441479754877,
                    "carbonFootprint": 758.3222419540515
                }
            ],
            "rackReports": [
                {
                    "rackId": 293,
                    "rackName": "rack1",
                    "averagePower": 1.6074867766289591,
                    "maxPower": 1.8208491217393878,
                    "pdu": 5
                },
                {
                    "rackId": 294,
                    "rackName": "Rack2",
                    "averagePower": 0.7690378731601472,
                    "maxPower": 0.8782092268862371,
                    "pdu": 1
                }
            ],
            "processReports": [
                {
                    "tags": "[T7]",
                    "hosts": [
                        290
                    ],
                    "names": [
                        "htop"
                    ],
                    "averageCpu": 85.94323885483634,
                    "power": 57.06297227624713,
                    "cost": 17.118891682874125,
                    "averageCpuCount": 1439
                },
                {
                    "tags": "[T3]",
                    "hosts": [
                        286
                    ],
                    "names": [
                        "java"
                    ],
                    "averageCpu": 29.209229407460512,
                    "power": 40.48488060610777,
                    "cost": 12.145464181832262,
                    "averageCpuCount": 1436
                },
                {
                    "tags": "[T2]",
                    "hosts": [
                        285
                    ],
                    "names": [
                        "VBoxSVC",
                        "VBoxXPCOMIPCD"
                    ],
                    "averageCpu": 41.03016065334676,
                    "power": 231.14191634232594,
                    "cost": 69.34257490269772,
                    "averageCpuCount": 2878
                },
                {
                    "tags": "[T1]",
                    "hosts": [
                        283
                    ],
                    "names": [
                        "firefox"
                    ],